Image_Link;Title;Discription;News_Link
https://images.idgesg.net/images/article/2019/08/windows-10-mouse-cursor-100808541-large.3x2.jpg;New Windows 10 build adds GPU temp monitoring, desktop renaming, and Settings updates;Microsoft announces Windows 10 build 18963 in the 20H1 feature track, adding small but notable improvements to the Task...;https://www.itnews.com/article/3431673/new-windows-10-build-adds-gpu-temp-monitoring-desktop-renaming-and-settings-updates.html
https://images.techhive.com/images/article/2017/03/saas-100712114-medium.3x2.jpg;CloudBees readies software delivery management, Jenkins X via SaaS;The SaaS services are an attempt to commercialize and expand its CI/CD tools;https://www.itnews.com/article/3432139/cloudbees-readies-jenkins-x-saas-platform.html
https://images.techhive.com/images/article/2015/12/gamingmice_primary-100632923-medium.jpg;Best gaming mice: Find your perfect match;We put a small herd of gaming mice through their paces so you can find the best mouse for your needs.;https://www.itnews.com/article/2041586/best-gaming-mice.html
https://images.idgesg.net/images/article/2019/08/mtt19_034_googlephotos-100807510-medium.3x2.jpg;Siri and Spotify is nice and all, but here’s why Apple should let us customize iOS default apps;A new report has rekindled requests to let us make Spotify the default music player on iOS. But why stop there?;https://www.itnews.com/article/3431714/apple-should-let-us-set-our-own-default-apps-on-ios.html
https://images.idgesg.net/images/article/2018/06/chrome-os-chromebooks-100760984-medium.3x2.jpg;Chrome OS: Tips, tools, and other Chromebook intelligence;Your one-stop source for Chrome OS advice, insight, and analysis — from someone who's covered Chromebooks closely since the start.;https://www.itnews.com/article/3280924/chrome-os-tips-tools-chromebook-intelligence.html
https://images.techhive.com/images/article/2016/11/security-camera-hero-100694753-medium.3x2.jpg;Best home security camera: Keep an eye on the home front;A boom in wireless security cameras is inspiring a movement in DIY home surveillance. Follow our buying guide and read our reviews to find the best option for you.;https://www.itnews.com/article/2998898/best-home-security-camera.html
https://images.idgesg.net/images/article/2019/08/droid_kit-100808498-medium.3x2.jpg;Grab this Star Wars droid coding kit for $73.79 (that's 26% off!);This littleBits droid kit teaches kids block-based coding, and with a connected mobile app, they can teach the droid new tricks.;https://www.itnews.com/article/3432544/grab-this-star-wars-droid-coding-kit-for-73-79-thats-26-off.html
https://images.idgesg.net/images/article/2019/08/tcl55roku-100808485-medium.3x2.jpg;This 55-inch 4K HDR Smart TV may be refurbished, but it's only $239 today;The refurbished TCL 55-inch 4K HDR Smart TV (55S401) is just $240 today at Walmart.;https://www.itnews.com/article/3432542/this-55-inch-4k-hdr-smart-tv-may-be-refurbished-but-its-only-239-today.html
https://images.idgesg.net/images/article/2019/08/hamilton-beach-slow-cooker-100808497-medium.3x2.jpg;This Hamilton Beach 6-quart slow cooker is down to $46.92;Great for slow-cooking, sous vide, poaching, simmering, braising, fondue and yogurt—and now it's just pennies from its all-time low price.;https://www.itnews.com/article/3432498/this-hamilton-beach-6-quart-slow-cooker-is-down-to-46-92.html
